{
    "model_name": "RandomForestClassifier",
    "accuracy": 0.875,
    "classification_report": {
        "High": {
            "precision": 0.9801980198019802,
            "recall": 0.8048780487804879,
            "f1-score": 0.8839285714285714,
            "support": 492.0
        },
        "Low": {
            "precision": 0.95,
            "recall": 0.48717948717948717,
            "f1-score": 0.6440677966101694,
            "support": 39.0
        },
        "Medium": {
            "precision": 0.7986111111111112,
            "recall": 0.9808102345415778,
            "f1-score": 0.8803827751196173,
            "support": 469.0
        },
        "accuracy": 0.875,
        "macro avg": {
            "precision": 0.9096030436376971,
            "recall": 0.7576225901671844,
            "f1-score": 0.8027930477194527,
            "support": 1000.0
        },
        "weighted avg": {
            "precision": 0.8938560368536853,
            "recall": 0.875,
            "f1-score": 0.8729110227417543,
            "support": 1000.0
        }
    },
    "confusion_matrix": [
        [
            396,
            0,
            96
        ],
        [
            0,
            19,
            20
        ],
        [
            8,
            1,
            460
        ]
    ]
}